year,province,slc_num,slc_employee_num,slc_capital,slc_balance
2010 ,北京市,20,203,19.35,18.78
2010 ,天津市,19,183,12.76,10.23
2010 ,河北省,152,1738,87.89,85.94
2010 ,山西省,151,1501,87.53,77.27
2010 ,内蒙古自治区,286,2808,231.42,212.89
2010 ,中国,2614,27884,1780.93,1975.05
2010 ,辽宁省,204,1481,86.88,64.96
2010 ,吉林省,106,822,23.24,17.31
2010 ,黑龙江省,98,851,22.94,19.12
2010 ,上海市,49,383,50.85,64.12
2010 ,江苏省,194,1744,271.78,374.12
2010 ,浙江省,134,1513,225.63,337.23
2010 ,安徽省,176,1638,91.91,106.43
2010 ,福建省,6,61,13.38,19.44
2010 ,江西省,39,480,27.25,31.86
2010 ,山东省,97,1005,87.73,95.13
2010 ,河南省,108,1362,34.53,31.79
2010 ,湖北省,52,399,20.57,25.21
2010 ,湖南省,30,316,13.95,14.22
2010 ,广东省,98,3261,85.04,90.67
2010 ,广西壮族自治区,46,460,14.64,13.07
2010 ,海南省,6,67,6,5.12
2010 ,重庆市,75,1042,55.28,60.32
2010 ,四川省,42,579,51.6,54.79
2010 ,贵州省,79,834,18.46,16.05
2010 ,云南省,127,1128,42,40.92
2010 ,西藏自治区,1,9,0.5,0.75
2010 ,陕西省,60,498,40.82,33
2010 ,甘肃省,65,568,13.9,10.49
2010 ,青海省,5,46,0.91,0.79
2010 ,宁夏回族自治区,61,692,26.86,26
2010 ,新疆维吾尔自治区,28,212,15.36,17.02
2011 ,北京市,28,268,26.55,24.74
2011 ,天津市,25,294,22.44,18.58
2011 ,河北省,160,1826,93.09,90.58
2011 ,山西省,174,1779,98.92,85.62
2011 ,内蒙古自治区,322,3122,259.43,250.92
2011 ,中国,3027,32097,2140.89,2407.66
2011 ,辽宁省,236,1753,103.48,77.06
2011 ,吉林省,134,1060,30.46,21.69
2011 ,黑龙江省,100,868,24.29,20.67
2011 ,上海市,55,456,61.75,76.82
2011 ,江苏省,229,2059,343.87,495.67
2011 ,浙江省,136,1535,249.33,373.64
2011 ,安徽省,202,2015,109.88,123.36
2011 ,福建省,13,122,27.18,31.24
2011 ,江西省,49,571,36.65,42.12
2011 ,山东省,119,1194,110.46,120.31
2011 ,河南省,131,1647,42.55,40.98
2011 ,湖北省,67,512,29.5,35.97
2011 ,湖南省,40,411,19.39,19.16
2011 ,广东省,117,3516,102.82,110.63
2011 ,广西壮族自治区,65,661,22.01,20.85
2011 ,海南省,7,78,7,7.07
2011 ,重庆市,90,1228,71.72,81.76
2011 ,四川省,51,681,59.78,70.4
2011 ,贵州省,87,909,20.61,18.54
2011 ,云南省,151,1337,54.79,49.91
2011 ,西藏自治区,1,9,0.5,0.76
2011 ,陕西省,70,586,49.97,36.48
2011 ,甘肃省,69,599,14.43,10.95
2011 ,青海省,5,46,0.91,1.07
2011 ,宁夏回族自治区,61,705,27.9,27.73
2011 ,新疆维吾尔自治区,33,250,19.23,22.39
2011 ,北京市,30,290,28.05,31.13
2011 ,天津市,28,318,24.94,22.79
2011 ,河北省,173,1959,98.95,99.3
2011 ,山西省,177,1814,100.22,91.94
2011 ,内蒙古自治区,342,3311,275.85,282.14
2011 ,中国,3366,35626,2464.3,2874.66
2011 ,辽宁省,263,1936,116.25,88.87
2011 ,吉林省,151,1219,34.36,26.3
2011 ,黑龙江省,111,946,28.12,25.3
2011 ,上海市,58,475,63.85,87.2
2011 ,江苏省,259,2318,426.46,616.62
2011 ,浙江省,141,1585,276.87,419.16
2011 ,安徽省,217,2178,119.58,141.43
2011 ,福建省,20,184,41.18,47.77
2011 ,江西省,61,753,46.32,53.32
2011 ,山东省,142,1439,133.51,159.6
2011 ,河南省,152,1944,50.17,48.52
2011 ,湖北省,75,588,35.81,46.14
2011 ,湖南省,49,516,25.79,28.64
2011 ,广东省,131,3903,123.03,126.3
2011 ,广西壮族自治区,81,830,30.75,29.47
2011 ,海南省,8,89,7.8,7.76
2011 ,重庆市,91,1233,79.7,92.62
2011 ,四川省,58,765,69.82,88
2011 ,贵州省,98,1012,26.7,25.33
2011 ,云南省,169,1491,63.2,61.08
2011 ,西藏自治区,1,9,0.5,0.76
2011 ,陕西省,93,770,64.18,52.81
2011 ,甘肃省,79,678,16.42,13.01
2011 ,青海省,5,46,1.61,1.73
2011 ,宁夏回族自治区,67,759,30.91,30.23
2011 ,新疆维吾尔自治区,36,268,23.43,29.41
2011 ,北京市,30,290,28.55,35.24
2011 ,天津市,33,360,31.75,30.11
2011 ,河北省,178,2032,103.95,109.37
2011 ,山西省,199,2017,112.53,107.76
2011 ,内蒙古自治区,354,3402,283.39,295.78
2011 ,中国,3791,40366,2823.82,3358.85
2011 ,辽宁省,285,2086,126.95,102.58
2011 ,吉林省,169,1411,37.89,28.52
2011 ,黑龙江省,162,1398,40.93,37.14
2011 ,上海市,64,520,70.45,99.05
2011 ,江苏省,278,2617,457.64,693.49
2011 ,浙江省,160,1769,320.13,486.53
2011 ,安徽省,241,2463,137.94,167.66
2011 ,福建省,32,316,63.48,73.46
2011 ,江西省,83,988,70.85,80.18
2011 ,山东省,166,1665,161.26,189.11
2011 ,河南省,167,2193,55.95,56.84
2011 ,湖北省,86,772,47.98,57.04
2011 ,湖南省,54,601,30.83,34.77
2011 ,广东省,149,4095,142.36,147.32
2011 ,广西壮族自治区,96,1069,38.77,40.48
2011 ,海南省,10,118,10.3,8.86
2011 ,重庆市,104,1564,105.19,119.64
2011 ,四川省,61,846,76.84,100.51
2011 ,贵州省,111,1124,29.65,27.94
2011 ,云南省,186,1628,70.71,70.63
2011 ,西藏自治区,1,9,0.5,0.73
2011 ,陕西省,112,915,79.06,68.32
2011 ,甘肃省,94,829,19.9,17.05
2011 ,青海省,7,81,4.61,5.07
2011 ,宁夏回族自治区,76,857,35.07,32.2
2011 ,新疆维吾尔自治区,43,331,28.44,35.47
2011 ,北京市,33,374,37.75,39.55
2011 ,天津市,33,360,32.55,33.51
2011 ,河北省,186,2215,109.15,117.89
2011 ,山西省,209,2098,121.49,114.68
2011 ,内蒙古自治区,390,3765,313.29,331.21
2011 ,中国,4282,47088,3318.66,3914.74
2011 ,辽宁省,312,2334,144.3,122.83
2011 ,吉林省,179,1479,40.49,30.51
2011 ,黑龙江省,172,1511,44.26,40.8
2011 ,上海市,66,570,77.08,109.31
2011 ,江苏省,327,3019,559.78,805.16
2011 ,浙江省,170,2039,350.53,535.34
2011 ,安徽省,278,3122,160.25,189.54
2011 ,福建省,42,499,83.67,99.83
2011 ,江西省,115,1336,98.38,110.63
2011 ,山东省,184,1985,186.01,222.53
2011 ,河南省,181,2425,63.74,64.87
2011 ,湖北省,96,883,59.27,69.76
2011 ,湖南省,59,649,34.63,39.13
2011 ,广东省,167,4358,164.42,178.78
2011 ,广西壮族自治区,109,1309,45.92,47.85
2011 ,海南省,13,150,15.3,12.23
2011 ,重庆市,110,2164,127.1,139.29
2011 ,四川省,81,1339,110.28,130.84
2011 ,贵州省,131,1330,39.22,37.56
2011 ,云南省,213,1857,83.47,83.94
2011 ,西藏自治区,1,9,0.5,0.73
2011 ,陕西省,155,1244,104.55,93.43
2011 ,甘肃省,102,892,21.71,18.62
2011 ,青海省,18,205,9.29,12.36
2011 ,宁夏回族自治区,90,1088,43.38,37.74
2011 ,新疆维吾尔自治区,60,480,36.9,44.28
2012 ,北京市,37,423,41.95,39.29
2012 ,天津市,33,360,33.55,34.33
2012 ,河北省,240,2747,140.34,146.2
2012 ,山西省,228,2269,135.79,130.18
2012 ,内蒙古自治区,424,4104,331.4,343.22
2012 ,中国,4878,53501,3871.37,4447.25
2012 ,辽宁省,324,2434,160.65,136.39
2012 ,吉林省,198,1640,46.62,34.66
2012 ,黑龙江省,185,1619,49.01,43.94
2012 ,上海市,72,613,86.65,119.77
2012 ,江苏省,413,3754,682.16,936.47
2012 ,浙江省,184,2167,374.43,567.14
2012 ,安徽省,377,4350,227.96,251.36
2012 ,福建省,43,511,86.67,108.03
2012 ,江西省,134,1519,114.69,124.72
2012 ,山东省,205,2176,208.51,245.93
2012 ,河南省,188,2548,68.71,69.9
2012 ,湖北省,115,1059,73,84.84
2012 ,湖南省,62,684,36.13,41.08
2012 ,广东省,180,4513,182.15,188.54
2012 ,广西壮族自治区,128,1691,55.89,60.54
2012 ,海南省,14,161,16.3,13.3
2012 ,重庆市,145,2740,203.87,199.49
2012 ,四川省,110,1717,144.97,170.44
2012 ,贵州省,143,1455,43.75,41.27
2012 ,云南省,232,2027,90.45,90.69
2012 ,西藏自治区,1,9,0.5,0.65
2012 ,陕西省,161,1292,108.45,98.34
2012 ,甘肃省,118,1027,27.19,21.15
2012 ,青海省,19,217,13.69,16.64
2012 ,宁夏回族自治区,90,1088,43.39,37.91
2012 ,新疆维吾尔自治区,75,587,42.56,50.86
2012 ,北京市,39,440,43.95,46.06
2012 ,天津市,33,360,35.07,37.94
2012 ,河北省,290,3268,167.48,170.34
2012 ,山西省,232,2308,139.89,138.35
2012 ,内蒙古自治区,436,4222,337,348.35
2012 ,中国,5267,58441,4257.03,4892.59
2012 ,辽宁省,349,2617,180.88,157.58
2012 ,吉林省,219,1830,54.37,41.03
2012 ,黑龙江省,194,1729,54.05,49.83
2012 ,上海市,75,648,91.65,124.94
2012 ,江苏省,430,4001,716.08,969.13
2012 ,浙江省,209,2405,424.63,626.85
2012 ,安徽省,424,4944,267.42,287.68
2012 ,福建省,48,562,100.67,122.79
2012 ,江西省,155,1743,138.89,156.09
2012 ,山东省,218,2325,227.12,267.19
2012 ,河南省,193,2614,71.81,73.55
2012 ,湖北省,121,1123,81.1,97.34
2012 ,湖南省,67,746,41.09,46.42
2012 ,广东省,188,5320,194.55,206.91
2012 ,广西壮族自治区,138,1826,64.7,67.71
2012 ,海南省,14,161,16.3,14.4
2012 ,重庆市,146,2749,212.22,228.01
2012 ,四川省,142,2145,186.85,215.9
2012 ,贵州省,164,1685,48.97,45.77
2012 ,云南省,251,2211,102.5,103.62
2012 ,西藏自治区,1,9,0.5,0.65
2012 ,陕西省,166,1338,114.64,101.57
2012 ,甘肃省,129,1130,35.54,27.58
2012 ,青海省,19,217,13.99,22.79
2012 ,宁夏回族自治区,90,1088,45.08,39.76
2012 ,新疆维吾尔自治区,87,677,48.03,56.48
2012 ,北京市,41,458,45.95,49.8
2012 ,天津市,33,360,35.07,37.63
2012 ,河北省,299,3333,175.42,179.6
2012 ,山西省,235,2337,147.59,145.5
2012 ,内蒙古自治区,444,4292,344.5,356.42
2012 ,中国,5629,62348,4657.26,5329.88
2012 ,辽宁省,392,2890,212.05,184.75
2012 ,吉林省,237,1989,59.87,46.3
2012 ,黑龙江省,210,1896,61.2,57.11
2012 ,上海市,79,687,95.65,135.48
2012 ,江苏省,465,4366,766.51,1012.33
2012 ,浙江省,233,2646,483.08,683.45
2012 ,安徽省,440,5146,283.33,303.89
2012 ,福建省,51,591,108.97,138.59
2012 ,江西省,165,1845,154.34,173.5
2012 ,山东省,233,2478,246.52,288.96
2012 ,河南省,207,2780,79.8,81.44
2012 ,湖北省,126,1222,91.18,110.56
2012 ,湖南省,71,808,43.59,50.39
2012 ,广东省,219,5934,243.57,245.39
2012 ,广西壮族自治区,145,1932,71.36,82.33
2012 ,海南省,18,198,19.8,19.58
2012 ,重庆市,149,2783,223.82,256.54
2012 ,四川省,162,2404,214.76,244.89
2012 ,贵州省,187,1882,54.59,50.67
2012 ,云南省,262,2312,108.12,109.32
2012 ,西藏自治区,1,9,0.5,0.65
2012 ,陕西省,183,1506,128.41,120.43
2012 ,甘肃省,139,1218,41.61,33.87
2012 ,青海省,19,217,14.44,22.02
2012 ,宁夏回族自治区,90,1088,45.39,42.68
2012 ,新疆维吾尔自治区,94,741,56.26,65.79
2012 ,北京市,41,458,49.95,49.85
2012 ,天津市,63,741,72.31,69.47
2012 ,河北省,325,3766,194.76,205.43
2012 ,山西省,243,2390,153.6,151.24
2012 ,内蒙古自治区,452,4341,345.4,356.18
2012 ,中国,6080,70343,5146.97,5921.38
2012 ,辽宁省,434,4116,245.81,222.84
2012 ,吉林省,265,2231,69.84,55.85
2012 ,黑龙江省,229,2030,73.23,66.36
2012 ,上海市,80,695,98.15,136.95
2012 ,江苏省,485,4614,798.38,1036.62
2012 ,浙江省,250,2805,518.83,731.6
2012 ,安徽省,454,5409,301.96,325
2012 ,福建省,58,743,127.97,160.8
2012 ,江西省,175,1940,167.44,191.25
2012 ,山东省,257,2934,278.17,331.38
2012 ,河南省,241,3375,102.77,112.41
2012 ,湖北省,154,1712,130.74,150.12
2012 ,湖南省,77,921,50.19,56.63
2012 ,广东省,234,6569,262.45,284.49
2012 ,广西壮族自治区,159,2192,90.06,113.02
2012 ,海南省,21,230,21.9,24.3
2012 ,重庆市,157,3500,247.11,302.05
2012 ,四川省,177,2828,246.88,286.49
2012 ,贵州省,204,2168,60.71,59.42
2012 ,云南省,276,2443,126.41,129.75
2012 ,西藏自治区,1,9,0.5,0.65
2012 ,陕西省,187,1555,131.9,128.86
2012 ,甘肃省,171,1510,56.94,44.95
2012 ,青海省,19,225,14.44,21.98
2012 ,宁夏回族自治区,90,1088,45.49,43.52
2012 ,新疆维吾尔自治区,101,805,62.67,71.89
2013 ,北京市,49,543,59.15,59.73
2013 ,天津市,73,840,87.86,87.57
2013 ,河北省,352,4027,209.06,219.71
2013 ,山西省,254,2557,160.12,157.09
2013 ,内蒙古自治区,451,4338,341.53,350.84
2013 ,中国,6555,75481,5671.84,6357.27
2013 ,辽宁省,464,4303,263.36,236.5
2013 ,吉林省,298,2566,79.75,61.64
2013 ,黑龙江省,234,2081,79.62,70.09
2013 ,上海市,92,936,118.05,156.22
2013 ,江苏省,513,5047,830.94,1052.53
2013 ,浙江省,273,3145,566.92,775.63
2013 ,安徽省,457,5528,310.15,327.7
2013 ,福建省,70,928,154.87,188.6
2013 ,江西省,189,2191,188.64,211.5
2013 ,山东省,266,3004,289.94,335.33
2013 ,河南省,270,3834,124.36,131.89
2013 ,湖北省,162,1813,148.75,167.5
2013 ,湖南省,85,1001,56.27,61.51
2013 ,广东省,246,5897,280.76,291.3
2013 ,广西壮族自治区,182,2510,121.14,147.29
2013 ,海南省,21,230,21.9,23.62
2013 ,重庆市,177,3805,300.42,341.51
2013 ,四川省,218,3485,314.8,349.85
2013 ,贵州省,223,2348,64.86,61.6
2013 ,云南省,296,2681,142.01,142.66
2013 ,西藏自治区,4,29,1.5,1.39
2013 ,陕西省,193,1604,135.65,133.47
2013 ,甘肃省,192,1698,66.41,51.91
2013 ,青海省,33,398,25.54,27.85
2013 ,宁夏回族自治区,90,1088,45.93,42.97
2013 ,新疆维吾尔自治区,128,1026,81.59,90.28
2013 ,北京市,57,701,77.4,76.99
2013 ,天津市,83,1172,100.37,99.75
2013 ,河北省,411,4698,241.97,252.98
2013 ,山西省,266,2690,177.04,173.82
2013 ,内蒙古自治区,472,4650,354.22,362.89
2013 ,中国,7086,82610,6252.1,7043.49
2013 ,辽宁省,499,4553,290.02,270.65
2013 ,吉林省,319,2867,91.25,68.36
2013 ,黑龙江省,244,2174,98.6,85.61
2013 ,上海市,94,950,124.75,157.17
2013 ,江苏省,529,5207,849.48,1090.68
2013 ,浙江省,287,3280,593.5,818.82
2013 ,安徽省,462,5579,319.51,341.85
2013 ,福建省,83,1102,186.5,219.5
2013 ,江西省,200,2341,206.94,234.2
2013 ,山东省,282,3194,308.64,357.64
2013 ,河南省,291,4172,147.11,151.8
2013 ,湖北省,179,2212,175.56,195.7
2013 ,湖南省,97,1154,67.07,74.63
2013 ,广东省,265,6098,306.52,320.13
2013 ,广西壮族自治区,199,2737,136.2,196.95
2013 ,海南省,24,269,23.9,25.51
2013 ,重庆市,189,3941,341.62,401.54
2013 ,四川省,259,4608,391.72,432.73
2013 ,贵州省,238,2501,69.14,64.47
2013 ,云南省,320,2936,155.73,156.26
2013 ,西藏自治区,4,35,1.8,1.78
2013 ,陕西省,199,1667,142.35,141.51
2013 ,甘肃省,234,2046,85.96,69.16
2013 ,青海省,35,423,26.55,31.99
2013 ,宁夏回族自治区,119,1480,63.92,62.03
2013 ,新疆维吾尔自治区,146,1173,96.79,106.39
2013 ,北京市,63,761,91.5,89.87
2013 ,天津市,94,1290,111.37,112.14
2013 ,河北省,416,4749,244.47,259.09
2013 ,山西省,275,2778,178.74,178.95
2013 ,内蒙古自治区,473,4663,353.95,362.84
2013 ,中国,7398,86273,6658.95,7534.5
2013 ,辽宁省,508,4610,300.2,280.31
2013 ,吉林省,329,2960,93.03,69.07
2013 ,黑龙江省,247,2218,110,100.5
2013 ,上海市,106,1063,144.65,175.32
2013 ,江苏省,555,5520,876.13,1127.56
2013 ,浙江省,301,3447,624.85,862.95
2013 ,安徽省,464,5596,326.42,358.14
2013 ,福建省,92,1201,200.88,240.44
2013 ,江西省,210,2445,221.08,249.69
2013 ,山东省,289,3262,321.29,376.35
2013 ,河南省,298,4319,175.03,181.69
2013 ,湖北省,201,2560,201.18,227.36
2013 ,湖南省,108,1309,78.57,84.96
2013 ,广东省,288,6308,346.75,346.55
2013 ,广西壮族自治区,233,3146,169.79,226.17
2013 ,海南省,24,269,24,25.1
2013 ,重庆市,196,4059,364.39,446.86
2013 ,四川省,277,4899,423.76,480.74
2013 ,贵州省,244,2570,71.74,66.79
2013 ,云南省,335,3132,162.81,162.64
2013 ,西藏自治区,4,35,1.8,1.63
2013 ,陕西省,200,1691,147.65,149.42
2013 ,甘肃省,256,2267,98.56,77.49
2013 ,青海省,36,429,26.56,33.56
2013 ,宁夏回族自治区,119,1480,65.66,63.11
2013 ,新疆维吾尔自治区,157,1237,102.14,117.23
2014 ,北京市,66,832,97.7,108.71
2014 ,天津市,110,1445,131.17,138.63
2014 ,河北省,442,5125,257.92,271.51
2014 ,山西省,310,3194,205.71,208.78
2014 ,内蒙古自治区,478,4728,353.26,354.39
2014 ,中国,8127,98888,7494.07,8444.13
2014 ,辽宁省,562,5118,336.81,310.83
2014 ,吉林省,390,3320,104.6,78.44
2014 ,黑龙江省,249,2214,113.95,104.07
2014 ,上海市,111,1301,152.75,193.35
2014 ,江苏省,607,6025,927.28,1158.05
2014 ,浙江省,322,3646,673.34,911.3
2014 ,安徽省,462,5873,348.73,396.06
2014 ,福建省,98,1480,220.7,265.38
2014 ,江西省,217,2846,235.7,263.92
2014 ,山东省,304,3660,347.07,422.29
2014 ,河南省,319,4813,205.52,220.93
2014 ,湖北省,225,3141,244.78,268.22
2014 ,湖南省,117,1425,86.37,93.13
2014 ,广东省,350,7173,473.04,477.5
2014 ,广西壮族自治区,275,3680,212.03,279.59
2014 ,海南省,31,372,30.5,32.78
2014 ,重庆市,221,5295,460.8,555.69
2014 ,四川省,306,6717,484.45,550.75
2014 ,贵州省,268,2967,80.7,76.91
2014 ,云南省,377,3657,184.31,190.48
2014 ,西藏自治区,8,77,6,2.83
2014 ,陕西省,213,2171,164.56,163.84
2014 ,甘肃省,306,2875,122.44,97.82
2014 ,青海省,41,472,30.94,37.32
2014 ,宁夏回族自治区,117,1467,65.86,64.03
2014 ,新疆维吾尔自治区,225,1779,135.08,146.59
2014 ,北京市,69,847,100.7,111.75
2014 ,天津市,110,1445,129.77,136.21
2014 ,河北省,459,5336,263.42,277.56
2014 ,山西省,315,3271,213.94,212.61
2014 ,内蒙古自治区,481,4743,353.25,357.4
2014 ,中国,8394,102405,7857.27,8811
2014 ,辽宁省,578,5238,352.48,327.35
2014 ,吉林省,401,3421,105.59,79.33
2014 ,黑龙江省,249,2208,114.46,106.43
2014 ,上海市,112,1309,155.95,201.4
2014 ,江苏省,616,6119,933.3,1147.66
2014 ,浙江省,330,3718,690.97,913.74
2014 ,安徽省,466,5913,357.21,407.17
2014 ,福建省,104,1551,236.2,279.99
2014 ,江西省,221,2888,242.1,275.15
2014 ,山东省,308,3704,358.82,424.42
2014 ,河南省,325,4885,215.99,231.86
2014 ,湖北省,243,3342,270.53,295.23
2014 ,湖南省,124,1561,93.47,101.32
2014 ,广东省,373,7823,518.43,530.85
2014 ,广西壮族自治区,293,3915,236.88,307.83
2014 ,海南省,34,402,33,34.63
2014 ,重庆市,235,5566,516.3,627.17
2014 ,四川省,326,7036,529.18,597.3
2014 ,贵州省,278,3106,83.21,79.67
2014 ,云南省,391,3813,188.22,195.11
2014 ,西藏自治区,10,93,6.5,3.6
2014 ,陕西省,222,2290,182.19,182.2
2014 ,甘肃省,325,3042,130.49,105.72
2014 ,青海省,41,472,31.79,36.16
2014 ,宁夏回族自治区,116,1470,66.82,62.49
2014 ,新疆维吾尔自治区,239,1878,146.12,161.7
2014 ,北京市,71,867,103.98,114.69
2014 ,天津市,110,1445,129.77,138
2014 ,河北省,464,5383,266.62,283.1
2014 ,山西省,347,3496,219.8,213.63
2014 ,内蒙古自治区,479,4705,351,358.37
2014 ,中国,8591,104656,8070.6,9078.81
2014 ,辽宁省,586,5289,363.29,333.93
2014 ,吉林省,418,3515,110.02,82.08
2014 ,黑龙江省,249,2230,115.76,106.75
2014 ,上海市,112,1309,156.35,198.26
2014 ,江苏省,623,6169,933.76,1144.18
2014 ,浙江省,337,3789,710.07,916.04
2014 ,安徽省,463,5865,356.78,415.1
2014 ,福建省,110,1621,251.2,291.29
2014 ,江西省,224,2925,245.4,280.71
2014 ,山东省,321,3857,378.02,441.85
2014 ,河南省,328,4912,221.77,241.22
2014 ,湖北省,258,3537,286.83,309.81
2014 ,湖南省,125,1579,96.27,103.73
2014 ,广东省,392,8232,547.43,571.85
2014 ,广西壮族自治区,302,4031,241.46,322.57
2014 ,海南省,37,427,34,36.78
2014 ,重庆市,241,5683,533.15,688.74
2014 ,四川省,335,7183,545.61,619.64
2014 ,贵州省,282,3158,86.67,83.31
2014 ,云南省,396,3870,191.39,198.39
2014 ,西藏自治区,9,91,7,4.18
2014 ,陕西省,227,2356,193.44,195.75
2014 ,甘肃省,339,3228,138.52,109.32
2014 ,青海省,45,513,33.29,35.08
2014 ,宁夏回族自治区,116,1470,67.18,64.03
2014 ,新疆维吾尔自治区,245,1921,154.77,176.43
2014 ,北京市,71,867,103.98,118.46
2014 ,天津市,110,1445,129.77,137.06
2014 ,河北省,479,5524,270.92,288.97
2014 ,山西省,344,3544,218.95,214.51
2014 ,内蒙古自治区,473,4756,343.64,355.22
2014 ,中国,8791,109948,8283.06,9420.38
2014 ,辽宁省,600,5586,375.86,346.2
2014 ,吉林省,427,3575,111.88,87.06
2014 ,黑龙江省,255,2263,122.94,110.35
2014 ,上海市,117,1601,166.25,204.42
2014 ,江苏省,631,6231,929.91,1146.66
2014 ,浙江省,340,4127,708.99,910.61
2014 ,安徽省,461,5808,357.96,423.7
2014 ,福建省,113,1783,258.2,301.35
2014 ,江西省,224,2925,244.1,282.1
2014 ,山东省,327,4040,400.66,462.44
2014 ,河南省,325,4952,223.03,246.25
2014 ,湖北省,272,3860,310.28,330.84
2014 ,湖南省,127,1587,98.27,106.39
2014 ,广东省,400,9274,559.93,614.23
2014 ,广西壮族自治区,312,4121,250.53,358.3
2014 ,海南省,38,451,34.5,38.38
2014 ,重庆市,246,5736,549.25,743.13
2014 ,四川省,350,8245,582.31,661.91
2014 ,贵州省,281,3244,86.97,86.02
2014 ,云南省,409,3984,195.91,204.18
2014 ,西藏自治区,12,115,8.01,4.82
2014 ,陕西省,253,2660,217.19,216.63
2014 ,甘肃省,351,3337,144.82,117.95
2014 ,青海省,70,818,49.07,52.68
2014 ,宁夏回族自治区,116,1470,67.13,65.25
2014 ,新疆维吾尔自治区,257,2019,161.82,184.32
2015 ,北京市,71,867,104.48,117.41
2015 ,天津市,110,1445,132.77,141.86
2015 ,河北省,478,5502,270.82,288.42
2015 ,山西省,338,3643,213.21,208.73
2015 ,内蒙古自治区,467,4689,336.79,344.97
2015 ,中国,8922,113118,8392.05,9453.7
2015 ,辽宁省,605,5657,381.89,342.46
2015 ,吉林省,440,3681,113.67,85.23
2015 ,黑龙江省,263,2644,131.74,120.72
2015 ,上海市,116,1610,165.7,201.01
2015 ,江苏省,633,6301,928.28,1125
2015 ,浙江省,338,4126,700.2,883.02
2015 ,安徽省,461,5722,359.48,428.83
2015 ,福建省,113,1798,254.31,294.64
2015 ,江西省,223,2921,242.88,280.4
2015 ,山东省,332,4089,411.36,470.12
2015 ,河南省,323,4932,221.57,242.88
2015 ,湖北省,272,4029,309.55,325.83
2015 ,湖南省,127,1587,98.27,105.61
2015 ,广东省,416,9767,591.83,635.78
2015 ,广西壮族自治区,318,4603,258.06,375.91
2015 ,海南省,43,475,39.3,42.38
2015 ,重庆市,253,5988,574.54,771.26
2015 ,四川省,354,8295,587.03,660.46
2015 ,贵州省,287,3301,88.77,86.43
2015 ,云南省,415,4035,197.75,204.11
2015 ,西藏自治区,12,115,8.03,5.21
2015 ,陕西省,258,2706,221.45,222.12
2015 ,甘肃省,350,3493,144.86,121
2015 ,青海省,72,838,49.63,49.72
2015 ,宁夏回族自治区,169,2142,84.14,80.97
2015 ,新疆维吾尔自治区,265,2117,169.7,191.21
2015 ,北京市,71,867,104.48,117.07
2015 ,天津市,110,1445,130.17,137.53
2015 ,河北省,475,5475,268.31,287.53
2015 ,山西省,337,3631,212.91,205.41
2015 ,内蒙古自治区,460,4640,333.26,341.68
2015 ,中国,8951,114017,8443.25,9594.16
2015 ,辽宁省,604,5675,382.63,346.13
2015 ,吉林省,453,3744,113.24,85.12
2015 ,黑龙江省,260,2560,131.19,120.5
2015 ,上海市,116,1615,171.6,206.68
2015 ,江苏省,636,6324,922.1,1119.76
2015 ,浙江省,338,4126,683.73,869.41
2015 ,安徽省,460,5688,363.68,427.67
2015 ,福建省,117,1841,255.82,300.68
2015 ,江西省,223,2921,240.22,276.16
2015 ,山东省,333,4132,416.56,470.08
2015 ,河南省,321,4888,221.87,239.85
2015 ,湖北省,281,4164,326.75,336.36
2015 ,湖南省,127,1587,99.27,106.19
2015 ,广东省,427,9922,615.55,653.82
2015 ,广西壮族自治区,319,4740,257.27,393.05
2015 ,海南省,44,603,40.5,43.38
2015 ,重庆市,256,6018,588.68,873.55
2015 ,四川省,353,8283,588.76,666.65
2015 ,贵州省,288,3306,88.99,87.01
2015 ,云南省,406,3968,195.29,201.72
2015 ,西藏自治区,12,115,8.06,5.92
2015 ,陕西省,265,2769,232.21,230.5
2015 ,甘肃省,352,3641,146.61,122.93
2015 ,青海省,73,843,48.18,46.74
2015 ,宁夏回族自治区,166,2113,83.18,81.02
2015 ,新疆维吾尔自治区,268,2373,172.2,194.05
2015 ,北京市,83,1002,119.18,128.33
2015 ,天津市,110,1445,127.67,134.02
2015 ,河北省,479,5527,271.52,287.34
2015 ,山西省,335,3603,211.93,204.04
2015 ,内蒙古自治区,460,4645,332.09,340.2
2015 ,中国,8965,114276,8460.12,9507.95
2015 ,辽宁省,604,5672,384.52,336.71
2015 ,吉林省,450,3706,111.12,81.87
2015 ,黑龙江省,267,2629,134.54,122.93
2015 ,上海市,118,1631,174.1,203.32
2015 ,江苏省,635,6358,908.45,1090.06
2015 ,浙江省,335,4094,668.38,834.92
2015 ,安徽省,459,5683,368.35,423.7
2015 ,福建省,120,1888,260.78,300.81
2015 ,江西省,221,2905,235.32,263.96
2015 ,山东省,337,4190,427.9,480.08
2015 ,河南省,319,4858,219.21,234.14
2015 ,湖北省,283,4167,327.95,335.44
2015 ,湖南省,129,1633,102.27,108.65
2015 ,广东省,428,9929,618.32,657.42
2015 ,广西壮族自治区,318,4800,256.64,414.44
2015 ,海南省,44,603,44.39,44.14
2015 ,重庆市,258,6046,595.79,855.53
2015 ,四川省,351,8233,586.45,662.09
2015 ,贵州省,288,3299,89.19,85.55
2015 ,云南省,393,3848,190,194.96
2015 ,西藏自治区,12,115,8.09,6.93
2015 ,陕西省,267,2792,235.61,236.54
2015 ,甘肃省,350,3620,145.13,120.42
2015 ,青海省,73,843,46.87,43.34
2015 ,宁夏回族自治区,166,2113,83.71,80.6
2015 ,新疆维吾尔自治区,273,2399,174.65,195.49
2015 ,北京市,85,1189,133.99,134.8
2015 ,天津市,110,1455,130.07,135.63
2015 ,河北省,480,6454,271.62,281.47
2015 ,山西省,327,4180,205.26,199.07
2015 ,内蒙古自治区,428,4205,303.75,312.65
2015 ,中国,8910,117344,8459.29,9411.51
2015 ,辽宁省,597,6014,384.31,335.49
2015 ,吉林省,442,4113,108.89,78.93
2015 ,黑龙江省,261,2448,132.74,120.82
2015 ,上海市,121,1812,182.1,217.24
2015 ,江苏省,636,6253,896.23,60.75
2015 ,浙江省,336,3915,660.84,791.63
2015 ,安徽省,458,5468,376.35,424.75
2015 ,福建省,120,1957,264.05,300.3
2015 ,江西省,220,2859,232.94,263.94
2015 ,山东省,339,4722,435.41,481.62
2015 ,河南省,316,4759,218.52,228.49
2015 ,湖北省,283,4876,328.76,347.28
2015 ,湖南省,128,1903,101.22,107.65
2015 ,广东省,427,9822,616.92,640.21
2015 ,广西壮族自治区,318,4691,254.6,417.5
2015 ,海南省,46,638,47.1,51.43
2015 ,重庆市,253,6023,598.4,842.34
2015 ,四川省,352,7187,585.91,663.22
2015 ,贵州省,289,3208,89.04,84.68
2015 ,云南省,390,4655,186.76,189.79
2015 ,西藏自治区,12,115,8.1,6.38
2015 ,陕西省,272,3047,247.31,245.28
2015 ,甘肃省,350,3745,147.83,122.96
2015 ,青海省,76,875,48.67,48.67
2015 ,宁夏回族自治区,160,2101,81.52,77.58
2015 ,新疆维吾尔自治区,278,2655,180.12,198.97
2016 ,北京市,86,1197,133.2,130.8
2016 ,天津市,110,1455,127.6,134.6
2016 ,河北省,474,6395,268.5,273.2
2016 ,山西省,323,4141,203.4,194.6
2016 ,内蒙古自治区,426,4199,299.9,307.7
2016 ,中国,8867,116365,8425.4,9380.1
2016 ,辽宁省,592,5978,381.1,329.8
2016 ,吉林省,439,4086,107.6,76.6
2016 ,黑龙江省,261,2426,134.6,119.1
2016 ,上海市,123,1875,189.8,212.9
2016 ,江苏省,637,6278,884.2,1040.1
2016 ,浙江省,336,3902,650.2,774.6
2016 ,安徽省,453,5405,372.2,437.7
2016 ,福建省,120,1957,263,295.6
2016 ,江西省,217,2876,225.8,255
2016 ,山东省,340,4736,441.6,488.9
2016 ,河南省,317,4788,222.5,233
2016 ,湖北省,283,4607,328.3,343.3
2016 ,湖南省,128,1903,100.3,105.3
2016 ,广东省,434,9895,635.1,655.3
2016 ,广西壮族自治区,321,4710,258.1,436.8
2016 ,海南省,44,625,46.6,48.5
2016 ,重庆市,253,6029,593.8,878
2016 ,四川省,350,7164,582.1,655.3
2016 ,贵州省,286,3175,88.7,82.8
2016 ,云南省,375,4148,179.7,181.5
2016 ,西藏自治区,13,128,9.1,6.8
2016 ,陕西省,272,3047,247.9,243.4
2016 ,甘肃省,347,3714,146.3,120.4
2016 ,青海省,76,875,48.8,45.9
2016 ,宁夏回族自治区,153,1996,75.4,70.3
2016 ,新疆维吾尔自治区,278,2655,180.1,202.4
2016 ,北京市,87,1205,125.5,138
2016 ,天津市,110,1455,130.7,134.7
2016 ,河北省,450,6248,256.1,255
2016 ,山西省,319,3796,200,189.4
2016 ,内蒙古自治区,408,3884,290.6,296.7
2016 ,中国,8741,112646,8307.2,9292.8
2016 ,辽宁省,573,5876,374.2,315.9
2016 ,吉林省,441,4037,107.8,77.9
2016 ,黑龙江省,270,2353,140.3,119.3
2016 ,上海市,122,1604,186.3,195.8
2016 ,江苏省,633,6263,845.5,983.1
2016 ,浙江省,334,3673,633.3,731.3
2016 ,安徽省,451,5346,370.7,428.6
2016 ,福建省,118,1939,263.1,297.5
2016 ,江西省,211,2857,217.8,237.7
2016 ,山东省,339,4716,441.2,485.3
2016 ,河南省,298,4459,215.1,228.3
2016 ,湖北省,284,4204,321.8,318.8
2016 ,湖南省,128,1903,100.2,104.2
2016 ,广东省,433,9233,615.7,674.5
2016 ,广西壮族自治区,313,4285,254.3,479.8
2016 ,海南省,44,633,46.4,50.7
2016 ,重庆市,255,6011,616.9,955.4
2016 ,四川省,347,7169,581.6,641.8
2016 ,贵州省,288,3249,90.1,83.4
2016 ,云南省,349,3848,167.9,169
2016 ,西藏自治区,14,131,11.3,6.8
2016 ,陕西省,274,3085,252.7,249.5
2016 ,甘肃省,335,3595,142,117.7
2016 ,青海省,76,871,48.6,50.5
2016 ,宁夏回族自治区,151,1974,74.8,67
2016 ,新疆维吾尔自治区,286,2744,184.7,209
2017 ,北京市,88,1134,122.3,127.5
2017 ,天津市,110,1455,130.6,132.4
2017 ,河北省,446,6145,251.9,250.3
2017 ,山西省,305,3543,192.2,179.9
2017 ,内蒙古自治区,386,3619,275.5,278.1
2017 ,中国,8665,109078,8234,9377.3
2017 ,辽宁省,555,5183,364.3,310.2
2017 ,吉林省,498,4630,128,92.4
2017 ,黑龙江省,267,2203,139,115.3
2017 ,上海市,124,1823,200,213
2017 ,江苏省,624,5938,818.7,943.1
2017 ,浙江省,327,3579,600.8,682.5
2017 ,安徽省,448,5210,372.3,467.7
2017 ,福建省,118,1591,262.3,293.3
2017 ,江西省,204,2618,217.9,236
2017 ,山东省,335,4317,440.4,487.1
2017 ,河南省,291,4170,214.5,227.7
2017 ,湖北省,283,4014,311.9,305.2
2017 ,湖南省,128,1903,104.5,105.6
2017 ,广东省,453,9582,624,778.5
2017 ,广西壮族自治区,306,4087,253.3,504.8
2017 ,海南省,53,870,54.7,58.2
2017 ,重庆市,260,6099,640.7,1041.5
2017 ,四川省,331,6646,563.9,618.6
2017 ,贵州省,283,2884,88.8,81.9
2017 ,云南省,325,3586,156.4,156.5
2017 ,西藏自治区,18,156,13.6,10.1
2017 ,陕西省,273,3065,249.4,245.8
2017 ,甘肃省,331,3584,145.4,120.9
2017 ,青海省,77,881,48.1,45.3
2017 ,宁夏回族自治区,135,1763,66,60.1
2017 ,新疆维吾尔自治区,283,2800,182.4,207.6
2017 ,北京市,89,1138,122.5,124.3
2017 ,天津市,110,1455,128.1,129.8
2017 ,河北省,444,6094,251.3,248.4
2017 ,山西省,301,3401,190.4,178.4
2017 ,内蒙古自治区,383,3531,273.8,280.6
2017 ,中国,8643,108128,8271.4,9608.2
2017 ,辽宁省,554,5187,364.9,313.2
2017 ,吉林省,509,4786,138.7,108.1
2017 ,黑龙江省,264,2184,138,114.5
2017 ,上海市,124,1665,200.1,219.3
2017 ,江苏省,627,5977,813.9,942.8
2017 ,浙江省,326,3489,592.1,680.6
2017 ,安徽省,440,5013,366.5,463.5
2017 ,福建省,118,1591,262.6,293.2
2017 ,江西省,203,2555,216.8,228.4
2017 ,山东省,332,4273,440.4,487.8
2017 ,河南省,289,4142,212.8,229.6
2017 ,湖北省,283,3852,308.6,304
2017 ,湖南省,128,1903,104.5,105.1
2017 ,广东省,456,9615,633.5,839.4
2017 ,广西壮族自治区,305,3921,255.5,486
2017 ,海南省,54,892,55.7,59
2017 ,重庆市,265,6304,689.3,1217.4
2017 ,四川省,331,6669,564.1,622.6
2017 ,贵州省,282,2872,88.6,81.4
2017 ,云南省,310,3391,150.4,151.5
2017 ,西藏自治区,18,156,13.8,12.3
2017 ,陕西省,272,3027,248.9,244.3
2017 ,甘肃省,336,3641,153.3,131.2
2017 ,青海省,77,881,48.2,46.6
2017 ,宁夏回族自治区,130,1721,63.3,58
2017 ,新疆维吾尔自治区,283,2802,180.4,207
2017 ,北京市,90,1158,124.07,131.82
2017 ,天津市,110,1455,129.59,132.6
2017 ,河北省,440,6064,248.84,245.36
2017 ,山西省,296,3318,186.38,173.67
2017 ,内蒙古自治区,375,3394,269.02,275.71
2017 ,中国,8610,107241,8259.23,9704.16
2017 ,辽宁省,551,5165,365.43,314.14
2017 ,吉林省,537,4929,141.73,110.39
2017 ,黑龙江省,262,2107,136.55,114.05
2017 ,上海市,123,1632,199.45,217.18
2017 ,江苏省,629,6049,816.18,939.19
2017 ,浙江省,326,3439,582.21,674.65
2017 ,安徽省,440,4897,365.4,452.98
2017 ,福建省,118,1591,259.81,293.21
2017 ,江西省,201,2559,219.19,227.58
2017 ,山东省,334,4304,445.41,487.87
2017 ,河南省,286,4098,223.17,241.89
2017 ,湖北省,283,3719,306.13,310.42
2017 ,湖南省,128,1903,104.2,104.32
2017 ,广东省,463,9742,644.25,913.24
2017 ,广西壮族自治区,303,3861,259.46,486.14
2017 ,海南省,55,958,56.05,61.2
2017 ,重庆市,265,6304,712.14,1285.6
2017 ,四川省,322,6565,537.71,597.54
2017 ,贵州省,281,2861,88.52,80.64
2017 ,云南省,277,2985,130.49,131.91
2017 ,西藏自治区,18,156,13.82,12.88
2017 ,陕西省,272,3027,248.91,244.11
2017 ,甘肃省,335,3597,153.84,130.18
2017 ,青海省,77,881,48.19,50.43
2017 ,宁夏回族自治区,130,1721,62.8,57.35
2017 ,新疆维吾尔自治区,283,2802,180.29,205.9
2017 ,北京市,99,1403,136.07,146.77
2017 ,天津市,95,1299,119.54,129.6
2017 ,河北省,437,5894,247.74,245.6
2017 ,山西省,294,3233,186.15,172.6
2017 ,内蒙古自治区,361,3259,257.71,262.06
2017 ,中国,8551,103988,8270.33,9799.49
2017 ,辽宁省,547,5061,362.84,310.98
2017 ,吉林省,532,4892,145.03,109.88
2017 ,黑龙江省,254,1997,133.33,112.62
2017 ,上海市,123,1575,200,219.01
2017 ,江苏省,630,5795,809.26,932.72
2017 ,浙江省,326,3418,574.58,668.24
2017 ,安徽省,439,4867,363.87,447.01
2017 ,福建省,118,1415,258.81,299.81
2017 ,江西省,200,2531,222.56,223.45
2017 ,山东省,334,4282,448.62,495.04
2017 ,河南省,282,3752,221.07,238.48
2017 ,湖北省,283,3615,305.63,310.71
2017 ,湖南省,128,1903,104.2,105.4
2017 ,广东省,461,9509,653.54,855.6
2017 ,广西壮族自治区,304,3909,264.83,474.33
2017 ,海南省,56,970,61.71,65.95
2017 ,重庆市,266,6319,734.9,1467.37
2017 ,四川省,322,5729,537.45,606.15
2017 ,贵州省,281,2630,88.52,80.99
2017 ,云南省,272,2944,129.13,127.88
2017 ,西藏自治区,18,156,14.32,13.98
2017 ,陕西省,270,2868,245.81,241.77
2017 ,甘肃省,331,3570,151.35,128.99
2017 ,青海省,77,878,47.99,47.17
2017 ,宁夏回族自治区,128,1680,62.28,56.22
2017 ,新疆维吾尔自治区,283,2635,181.51,203.13
2018 ,北京市,99,1403,136.07,143.09
2018 ,天津市,95,1299,119.44,130.28
2018 ,河北省,436,5759,247.84,245.68
2018 ,山西省,291,3161,184.15,169.26
2018 ,内蒙古自治区,361,3210,257.14,259.41
2018 ,中国,8471,101197,8381.57,9629.67
2018 ,辽宁省,528,4947,356.24,303.98
2018 ,吉林省,520,4748,143.66,110.75
2018 ,黑龙江省,253,1976,132.47,110.91
2018 ,上海市,126,1697,208.5,219.54
2018 ,江苏省,632,5827,802.03,916.86
2018 ,浙江省,327,3322,581.56,668.54
2018 ,安徽省,438,4856,362.3,438.38
2018 ,福建省,118,1415,258.79,299.09
2018 ,江西省,202,2508,236.83,242.99
2018 ,山东省,327,4209,441.27,489.15
2018 ,河南省,261,3501,209.98,233.62
2018 ,湖北省,279,3538,304.68,307.18
2018 ,湖南省,126,1874,103.2,103.68
2018 ,广东省,463,9512,676.79,814.87
2018 ,广西壮族自治区,305,3826,268.93,476.94
2018 ,海南省,57,983,62.01,69.78
2018 ,重庆市,265,4846,839.78,1394.61
2018 ,四川省,316,5603,519.05,579.48
2018 ,贵州省,282,2639,89.02,80.83
2018 ,云南省,264,2847,125.7,123.75
2018 ,西藏自治区,18,156,19.32,20.97
2018 ,陕西省,269,2857,244.81,240.23
2018 ,甘肃省,330,3560,164.24,129.17
2018 ,青海省,77,878,48.38,50.97
2018 ,宁夏回族自治区,125,1642,58.08,52.98
2018 ,新疆维吾尔自治区,281,2598,179.31,202.73
2018 ,北京市,102,1427,138.74,150.53
2018 ,天津市,95,1299,118.38,127.62
2018 ,河北省,435,5689,247.05,244.78
2018 ,山西省,279,3059,179.01,163.87
2018 ,内蒙古自治区,351,3104,252.44,254.06
2018 ,中国,8394,99502,8449.23,9762.73
2018 ,辽宁省,519,4873,351.01,299.81
2018 ,吉林省,514,4342,144.78,107.61
2018 ,黑龙江省,254,1966,132.97,110.74
2018 ,上海市,127,1599,210.5,223.37
2018 ,江苏省,637,5857,797.4,902.72
2018 ,浙江省,324,3243,574.95,671.78
2018 ,安徽省,438,4836,364.14,450.97
2018 ,福建省,118,1415,259.29,301.37
2018 ,江西省,203,2531,241.42,243.92
2018 ,山东省,327,4209,441.27,488.67
2018 ,河南省,257,3460,207.98,229.74
2018 ,湖北省,279,3531,303.83,302.45
2018 ,湖南省,126,1874,102.97,105.46
2018 ,广东省,463,9354,693.25,746.61
2018 ,广西壮族自治区,305,3747,269.34,471.94
2018 ,海南省,57,983,63.31,73.22
2018 ,重庆市,274,5089,944.72,1633.6
2018 ,四川省,298,5394,495.04,565.05
2018 ,贵州省,271,2564,86.87,79.17
2018 ,云南省,259,2783,123.34,121.72
2018 ,西藏自治区,19,164,19.62,22.44
2018 ,陕西省,268,2846,242.43,240.36
2018 ,甘肃省,318,3443,163.5,128.66
2018 ,青海省,77,878,48.38,50.53
2018 ,宁夏回族自治区,123,1618,56.39,52.04
2018 ,新疆维吾尔自治区,277,2325,174.91,197.9
2018 ,北京市,104,1446,143.24,154.98
2018 ,天津市,95,1299,118.38,127.88
2018 ,河北省,433,5486,245.69,245.36
2018 ,山西省,278,2945,179.03,165.24
2018 ,内蒙古自治区,347,3072,250.34,253.13
2018 ,中国,8332,98316,8464.58,9721.45
2018 ,辽宁省,511,4827,346.32,298.2
2018 ,吉林省,501,4223,142.53,106.47
2018 ,黑龙江省,247,1877,130.37,108.79
2018 ,上海市,127,1609,210.5,226.21
2018 ,江苏省,637,5876,783.91,888.55
2018 ,浙江省,321,3229,568.65,670.19
2018 ,安徽省,436,4721,371.03,459.57
2018 ,福建省,117,1393,259.13,298.4
2018 ,江西省,198,2449,235.87,238.75
2018 ,山东省,327,4209,444.27,488.41
2018 ,河南省,254,3425,206.18,226.63
2018 ,湖北省,279,3503,301.98,301.72
2018 ,湖南省,126,1874,102.75,103.87
2018 ,广东省,462,9327,696.36,756.09
2018 ,广西壮族自治区,306,3713,270.98,466.13
2018 ,海南省,57,924,62.81,71.87
2018 ,重庆市,274,5089,994.54,1614.71
2018 ,四川省,296,5355,492.74,562.72
2018 ,贵州省,269,2546,84.47,77.64
2018 ,云南省,254,2734,121.88,119.55
2018 ,西藏自治区,19,164,19.71,22.55
2018 ,陕西省,268,2846,242.43,241.58
2018 ,甘肃省,315,3385,162.18,131.57
2018 ,青海省,77,878,48.38,49.04
2018 ,宁夏回族自治区,121,1605,54.03,50.67
2018 ,新疆维吾尔自治区,276,2287,173.91,194.98
2018 ,北京市,104,1258,143.24,152.42
2018 ,天津市,95,1510,118.21,128.52
2018 ,河北省,430,5051,244.19,244.35
2018 ,山西省,275,2826,177.25,163.72
2018 ,内蒙古自治区,339,2982,244.44,240.92
2018 ,中国,8133,90839,8363.2,9550.44
2018 ,辽宁省,499,3883,335.69,291.38
2018 ,吉林省,488,3934,140.63,104.32
2018 ,黑龙江省,243,1630,129.62,107.51
2018 ,上海市,125,1479,211.5,223.82
2018 ,江苏省,574,5326,704.38,804.46
2018 ,浙江省,320,3170,560.65,649.02
2018 ,安徽省,436,4655,371.37,470.82
2018 ,福建省,118,1295,262.62,299.43
2018 ,江西省,198,2408,235.83,233.73
2018 ,山东省,322,3672,437.22,480.51
2018 ,河南省,247,3180,203.68,221.51
2018 ,湖北省,278,3143,307.6,309.01
2018 ,湖南省,126,1310,102.25,103.21
2018 ,广东省,460,8458,695.03,773.41
2018 ,广西壮族自治区,308,3641,272.07,467.62
2018 ,海南省,57,892,62.78,66.7
2018 ,重庆市,274,4951,1024.24,1582.78
2018 ,四川省,293,5042,488.87,557.17
2018 ,贵州省,220,1976,70.47,67.31
2018 ,云南省,242,2393,118.49,116.64
2018 ,西藏自治区,19,156,20.01,22.89
2018 ,陕西省,267,2814,244.75,244.59
2018 ,甘肃省,307,3263,160.46,133.03
2018 ,青海省,78,856,48.58,48.44
2018 ,宁夏回族自治区,116,1554,53.3,49.72
2018 ,新疆维吾尔自治区,275,2131,173.77,191.45
2019 ,北京市,106,1222,144.74,144.25
2019 ,天津市,95,1510,118.01,129.42
2019 ,河北省,428,4858,243.49,241.72
2019 ,山西省,270,2712,175.15,161.08
2019 ,内蒙古自治区,326,2849,235.04,230.77
2019 ,中国,7967,87231,8293.24,9272.21
2019 ,辽宁省,493,3744,333.3,288.11
2019 ,吉林省,424,3505,129.15,96.4
2019 ,黑龙江省,241,1618,128.18,106.71
2019 ,上海市,125,1481,217,223.75
2019 ,江苏省,572,5219,701.2,806.2
2019 ,浙江省,319,3101,555.51,640.99
2019 ,安徽省,436,4572,374.59,466.87
2019 ,福建省,118,1286,263.12,294.9
2019 ,江西省,196,2303,233.83,227.26
2019 ,山东省,315,3492,429.92,479.38
2019 ,河南省,237,2989,203.08,219.66
2019 ,湖北省,276,2934,307.1,300.65
2019 ,湖南省,126,1167,102.25,103.18
2019 ,广东省,459,8218,692.82,736.5
2019 ,广西壮族自治区,307,3496,271.24,447.71
2019 ,海南省,57,758,62.69,63.97
2019 ,重庆市,271,4871,1020.74,1463.81
2019 ,四川省,284,4787,481.11,543.22
2019 ,贵州省,216,1937,69.3,66.97
2019 ,云南省,227,2175,112.24,110.31
2019 ,西藏自治区,19,147,20.01,19.08
2019 ,陕西省,267,2796,244.46,243.21
2019 ,甘肃省,301,3107,156.39,134.78
2019 ,青海省,78,831,48.46,44.93
2019 ,宁夏回族自治区,104,1447,46.57,44.82
2019 ,新疆维吾尔自治区,274,2099,172.54,191.61
2019 ,北京市,105,1179,143.44,142.28
2019 ,天津市,95,1510,118.01,127.38
2019 ,河北省,428,4733,243.69,240.98
2019 ,山西省,268,2657,175.45,162.64
2019 ,内蒙古自治区,325,2766,232.29,232.17
2019 ,中国,7797,84783,8235.27,9240.81
2019 ,辽宁省,493,3638,332.4,290.67
2019 ,吉林省,292,2417,97.34,75.19
2019 ,黑龙江省,241,1617,128.18,107.15
2019 ,上海市,125,1430,217.2,213.55
2019 ,江苏省,565,5087,697.39,801.12
2019 ,浙江省,318,3026,552.38,628.17
2019 ,安徽省,436,4527,374.59,467.21
2019 ,福建省,118,1277,263.53,297.08
2019 ,江西省,195,2231,232.53,232.01
2019 ,山东省,316,3457,427.82,480.68
2019 ,河南省,239,2971,209.73,224.84
2019 ,湖北省,275,2904,306.1,298.07
2019 ,湖南省,126,1046,101.12,102.42
2019 ,广东省,456,8316,695.56,721.21
2019 ,广西壮族自治区,306,3371,270.48,453.1
2019 ,海南省,57,806,62.31,58.69
2019 ,重庆市,271,4872,1020.52,1496.41
2019 ,四川省,277,4740,472.07,539.28
2019 ,贵州省,216,1926,69.3,66.4
2019 ,云南省,221,2051,108.42,107.62
2019 ,西藏自治区,19,152,20.01,16.96
2019 ,陕西省,265,2776,243.16,244.92
2019 ,甘肃省,296,3015,153.28,132.84
2019 ,青海省,78,814,48.21,46.98
2019 ,宁夏回族自治区,103,1439,45.97,43.77
2019 ,新疆维吾尔自治区,272,2032,172.79,189.03
2019 ,北京市,105,1160,143.44,139.68
2019 ,天津市,95,1510,119.51,127.52
2019 ,河北省,424,4615,240.24,238.14
2019 ,山西省,263,2557,172.8,157.95
2019 ,内蒙古自治区,308,2569,224.94,225.22
2019 ,中国,7680,83099,8169.77,9287.99
2019 ,辽宁省,488,3623,329.7,288.79
2019 ,吉林省,269,2230,93.34,72.92
2019 ,黑龙江省,234,1594,125.28,105.77
2019 ,上海市,125,1423,217.2,207.13
2019 ,江苏省,565,5162,698.63,794.49
2019 ,浙江省,315,2984,545.28,606.13
2019 ,安徽省,435,4499,375.29,461.85
2019 ,福建省,119,1271,268.53,297.37
2019 ,江西省,187,2132,220.1,226.45
2019 ,山东省,315,3397,427.47,476.57
2019 ,河南省,237,2921,208.63,222.15
2019 ,湖北省,275,2820,306.1,296.2
2019 ,湖南省,126,1088,100.92,101.24
2019 ,广东省,456,8140,698.33,709.95
2019 ,广西壮族自治区,307,3347,270.63,453.9
2019 ,海南省,57,800,62.31,58.53
2019 ,重庆市,270,4862,1029.38,1673.07
2019 ,四川省,257,4554,441.52,513.43
2019 ,贵州省,216,1921,69.3,66.98
2019 ,云南省,219,1988,107.91,106.52
2019 ,西藏自治区,19,151,19.99,16.14
2019 ,陕西省,265,2767,243.16,243
2019 ,甘肃省,295,3003,152.35,131.2
2019 ,青海省,78,805,48.21,45.86
2019 ,宁夏回族自治区,87,1232,39.55,39.04
2019 ,新疆维吾尔自治区,269,1974,169.72,184.8
2019 ,北京市,105,1083,140.94,143.51
2019 ,天津市,95,1510,118.51,124.26
2019 ,河北省,420,4531,239.1,236.81
2019 ,山西省,261,2545,171.8,156.88
2019 ,内蒙古自治区,295,2447,217.71,216.61
2019 ,中国,7551,80846,8097.51,9108.78
2019 ,辽宁省,482,3628,326.43,286.47
2019 ,吉林省,244,1930,85.14,65.86
2019 ,黑龙江省,231,1504,124.18,104.55
2019 ,上海市,125,1425,217.7,207.71
2019 ,江苏省,568,5138,699.85,786.82
2019 ,浙江省,315,2956,538.42,591.82
2019 ,安徽省,410,4173,364.57,462.99
2019 ,福建省,118,1278,267.33,298.6
2019 ,江西省,186,2035,219.1,220.55
2019 ,山东省,311,3329,419.77,473.4
2019 ,河南省,233,2860,206.03,224.21
2019 ,湖北省,275,2796,303.51,294.05
2019 ,湖南省,126,1090,100.9,102.21
2019 ,广东省,454,8025,697.9,730.48
2019 ,广西壮族自治区,307,3328,270.82,464.73
2019 ,海南省,55,840,62.09,57.92
2019 ,重庆市,265,4749,1051.2,1552.3
2019 ,四川省,238,4374,414.22,483.78
2019 ,贵州省,216,1870,69.3,65.7
2019 ,云南省,213,1888,104.1,102.67
2019 ,西藏自治区,19,147,19.91,14.37
2019 ,陕西省,263,2537,241.56,246.51
2019 ,甘肃省,289,2860,149.64,127.93
2019 ,青海省,78,843,48.12,45.3
2019 ,宁夏回族自治区,85,1209,37.94,35.61
2019 ,新疆维吾尔自治区,269,1918,169.72,184.18
2020 ,北京市,105,1081,140.94,136.12
2020 ,天津市,95,1510,118.51,120.89
2020 ,河北省,417,4356,237.1,234.15
2020 ,山西省,260,2496,171.3,155.4
2020 ,内蒙古自治区,286,2380,211.1,207.13
2020 ,中国,7458,78280,8063.22,8770.68
2020 ,辽宁省,480,3484,324.38,282.78
2020 ,吉林省,235,1825,84.14,67.91
2020 ,黑龙江省,227,1475,122.43,101.36
2020 ,上海市,125,1381,219.92,204.88
2020 ,江苏省,566,5006,694.04,775.46
2020 ,浙江省,313,2925,531.31,580.71
2020 ,安徽省,389,3940,354.63,444.62
2020 ,福建省,118,1251,267.03,294.06
2020 ,江西省,184,1929,220.1,214.63
2020 ,山东省,300,3173,405.65,458.01
2020 ,河南省,231,2673,204.63,221.02
2020 ,湖北省,274,2633,302.95,293.91
2020 ,湖南省,126,1055,100.55,100.69
2020 ,广东省,451,7787,709.8,709.85
2020 ,广西壮族自治区,308,3297,272.4,457.2
2020 ,海南省,55,782,62.59,56.69
2020 ,重庆市,264,4612,1069.6,1373.49
2020 ,四川省,235,4306,410.02,474.68
2020 ,贵州省,216,1871,69.3,64.94
2020 ,云南省,209,1765,103.05,101.59
2020 ,西藏自治区,19,127,19.9,12.81
2020 ,陕西省,263,2535,241.81,244.8
2020 ,甘肃省,289,2850,149.61,124.11
2020 ,青海省,65,657,37.02,39.33
2020 ,宁夏回族自治区,85,1203,38.18,35.17
2020 ,新疆维吾尔自治区,268,1915,169.23,182.32
2020 ,北京市,105,1061,139.44,131.83
2020 ,天津市,94,1500,115.51,121.86
2020 ,河北省,412,4264,234.4,227.9
2020 ,山西省,251,2300,167.2,151.39
2020 ,内蒙古自治区,278,2323,208.24,203.21
2020 ,中国,7333,76240,8034.65,8841.25
2020 ,辽宁省,480,3486,324.98,285.19
2020 ,吉林省,213,1619,79.54,64.59
2020 ,黑龙江省,227,1470,124.42,102.18
2020 ,上海市,125,1371,219.93,210.59
2020 ,江苏省,564,4916,686.94,786.75
2020 ,浙江省,312,2880,523.96,570.58
2020 ,安徽省,363,3678,348.46,421.98
2020 ,福建省,118,1248,267.15,292.25
2020 ,江西省,182,1911,215.7,210.6
2020 ,山东省,300,3126,408.75,452.75
2020 ,河南省,227,2609,203.92,221.98
2020 ,湖北省,273,2572,299.98,286.47
2020 ,湖南省,126,1056,96.55,101.16
2020 ,广东省,449,7471,721.5,723.67
2020 ,广西壮族自治区,308,3190,272.22,447.22
2020 ,海南省,55,796,63.54,58.68
2020 ,重庆市,261,4512,1094.72,1526.53
2020 ,四川省,227,4291,405.3,451.29
2020 ,贵州省,217,1861,70.8,66.22
2020 ,云南省,194,1648,95.79,93.6
2020 ,西藏自治区,19,126,19.91,12.98
2020 ,陕西省,259,2506,238.67,243.99
2020 ,甘肃省,283,2752,147.88,124.19
2020 ,青海省,65,650,36.74,38.92
2020 ,宁夏回族自治区,78,1132,33.27,30.97
2020 ,新疆维吾尔自治区,268,1915,169.23,179.72
2020 ,北京市,105,1022,139.94,129.86
2020 ,天津市,94,1465,115.51,120.91
2020 ,河北省,402,4098,229.7,224.62
2020 ,山西省,244,2235,164.54,148.22
2020 ,内蒙古自治区,270,2223,203.88,197.41
2020 ,中国,7227,74456,7978.95,9020.26
2020 ,辽宁省,472,3406,325.02,286.39
2020 ,吉林省,204,1561,77.54,60.19
2020 ,黑龙江省,217,1378,120.25,100.17
2020 ,上海市,125,1349,220.28,209.38
2020 ,江苏省,565,4932,685.47,773.24
2020 ,浙江省,307,2855,513.09,557.71
2020 ,安徽省,360,3593,348.36,428.35
2020 ,福建省,117,1213,263.65,278.64
2020 ,江西省,182,1907,215.1,208.07
2020 ,山东省,295,3045,406.55,446.1
2020 ,河南省,222,2529,201.02,215.39
2020 ,湖北省,273,2510,299.48,287.54
2020 ,湖南省,126,1056,96.55,99.97
2020 ,广东省,447,7376,731.7,744.77
2020 ,广西壮族自治区,301,2939,252.82,457.09
2020 ,海南省,55,762,65.52,65.05
2020 ,重庆市,259,4483,1096.52,1754.26
2020 ,四川省,222,4211,406.97,450.12
2020 ,贵州省,216,1865,70.7,66.6
2020 ,云南省,186,1536,89.83,87.8
2020 ,西藏自治区,19,121,19.91,13.49
2020 ,陕西省,258,2488,236.07,241.39
2020 ,甘肃省,280,2709,147.38,122.04
2020 ,青海省,66,637,36.94,38.43
2020 ,宁夏回族自治区,70,1037,29.42,26.94
2020 ,新疆维吾尔自治区,268,1915,169.23,180.13
2020 ,北京市,105,935,140.65,131.95
2020 ,天津市,94,1465,115.51,122.88
2020 ,河北省,396,3964,227.03,220.72
2020 ,山西省,243,2170,163.34,147.93
2020 ,内蒙古自治区,256,2141,194.32,189.66
2020 ,中国,7118,72172,8201.89,8887.54
2020 ,辽宁省,467,3306,323.12,284.02
2020 ,吉林省,185,1455,79.22,60.26
2020 ,黑龙江省,212,1304,118.35,97.79
2020 ,上海市,125,1337,220.25,218.66
2020 ,江苏省,562,4716,680.67,761.83
2020 ,浙江省,307,2836,512,557.33
2020 ,安徽省,354,3551,344.36,422.23
2020 ,福建省,119,1157,265.88,288.06
2020 ,江西省,162,1711,192.71,188.33
2020 ,山东省,291,2965,401.85,451.33
2020 ,河南省,222,2502,202.22,216.76
2020 ,湖北省,273,2471,300.42,285.02
2020 ,湖南省,126,1021,96.55,99.9
2020 ,广东省,446,7129,760.26,764.91
2020 ,广西壮族自治区,299,2897,249.75,321.11
2020 ,海南省,55,747,70.39,71.5
2020 ,重庆市,256,4484,1351.14,1772.08
2020 ,四川省,213,4164,395.12,439.08
2020 ,贵州省,216,1835,71.2,66.67
2020 ,云南省,184,1496,89.42,86.75
2020 ,西藏自治区,19,122,19.91,13.6
2020 ,陕西省,258,2335,236.09,242.32
2020 ,甘肃省,274,2610,145.56,122.14
2020 ,青海省,66,656,36.94,37.57
2020 ,宁夏回族自治区,70,1037,29.58,26.08
2020 ,新疆维吾尔自治区,263,1653,168.08,179.09
2021 ,全国,6841,69039,7800.8,8653.15
2021 ,北京市,105,914,140.65,131.88
2021 ,天津市,78,1309,99.14,110.8
2021 ,河北省,382,3754,220.62,215.12
2021 ,山西省,237,2120,159.94,146.02
2021 ,内蒙古自治区,247,2042,186.45,182.04
2021 ,辽宁省,454,3179,319.08,280.08
2021 ,吉林省,183,1469,80.02,64.34
2021 ,黑龙江省,212,1293,118.92,96.35
2021 ,上海市,125,1262,220.7,226.53
2021 ,江苏省,564,4720,683.79,764.22
2021 ,浙江省,304,2793,505.39,556.79
2021 ,安徽省,351,3504,340.36,418.24
2021 ,福建省,118,1125,261.76,282.54
2021 ,江西省,154,1670,187.19,184.44
2021 ,山东省,287,2894,400.65,446.3
2021 ,河南省,220,2434,200.34,220.11
2021 ,湖北省,269,2406,297.72,286.74
2021 ,湖南省,85,739,67.82,71.66
2021 ,广东省,433,6770,759.89,762.52
2021 ,广西壮族自治区,295,2960,247.54,322.04
2021 ,海南省,55,711,70.29,83.85
2021 ,重庆市,255,4360,1088.09,1620.34
2021 ,四川省,203,4039,384.62,435.96
2021 ,贵州省,109,1012,41.32,41.83
2021 ,云南省,182,1448,88.52,86.34
2021 ,西藏自治区,19,126,19.91,13.28
2021 ,陕西省,256,2275,234.59,240.71
2021 ,甘肃省,270,2559,144.94,123.85
2021 ,青海省,57,475,32.86,36.91
2021 ,宁夏回族自治区,69,1024,29.33,26.14
2021 ,新疆维吾尔自治区,263,1653,168.38,175.13
2021 ,全国,6686,66931,7727.78,8865.05
2021 ,北京市,105,889,140.65,131.62
2021 ,天津市,83,1352,104.56,114.22
2021 ,河北省,378,3605,218.12,213.28
2021 ,山西省,230,2003,155.64,141.11
2021 ,内蒙古自治区,220,1791,172.26,170.81
2021 ,辽宁省,420,2966,298.28,273.51
2021 ,吉林省,178,1409,79.32,59.96
2021 ,黑龙江省,212,1277,118.89,95.64
2021 ,上海市,119,1176,208.2,228.95
2021 ,江苏省,566,4721,681.52,766.89
2021 ,浙江省,298,2720,496.65,554.1
2021 ,安徽省,348,3456,337.08,410.97
2021 ,福建省,118,1120,261.26,276.94
2021 ,江西省,144,1463,175.69,171.15
2021 ,山东省,285,2845,398.65,443.15
2021 ,河南省,218,2365,199.93,217.27
2021 ,湖北省,248,2265,282.85,277.74
2021 ,湖南省,85,735,66.86,71.5
2021 ,广东省,431,6456,780.55,759.7
2021 ,广西壮族自治区,292,2915,246.69,322.29
2021 ,海南省,55,682,75.29,85.14
2021 ,重庆市,253,4417,1101.85,1909.18
2021 ,四川省,199,3996,385.76,444.89
2021 ,贵州省,109,960,41.32,42.1
2021 ,云南省,174,1389,84.6,81.65
2021 ,西藏自治区,19,131,19.91,13.21
2021 ,陕西省,249,2231,230.55,236.64
2021 ,甘肃省,267,2525,144.44,126.44
2021 ,青海省,57,475,32.86,36.26
2021 ,宁夏回族自治区,68,1019,29.42,25.71
2021 ,新疆维吾尔自治区,258,1577,158.13,163.02
2021 ,全国,6566,65516,7744.14,9352.52
2021 ,北京市,113,965,152.2,139.6
2021 ,天津市,82,1345,104.06,113.25
2021 ,河北省,377,3541,219.72,212.47
2021 ,山西省,227,1960,153.27,138.64
2021 ,内蒙古自治区,189,1511,156.56,155.13
2021 ,辽宁省,395,2847,286.52,266.24
2021 ,吉林省,171,1348,77.72,59.4
2021 ,黑龙江省,217,1382,183.18,165.02
2021 ,上海市,117,1149,201.2,235.72
2021 ,江苏省,571,4724,675.99,767.37
2021 ,浙江省,291,2680,488.47,547.2
2021 ,安徽省,345,3415,336.58,410.33
2021 ,福建省,118,1123,260.56,276.72
2021 ,江西省,144,1449,175.69,177.48
2021 ,山东省,274,2734,387.36,429.86
2021 ,河南省,217,2350,196.73,215.58
2021 ,湖北省,246,2186,280.55,273.75
2021 ,湖南省,73,640,54.46,59.09
2021 ,广东省,422,6339,766.9,778.15
2021 ,广西壮族自治区,290,2863,245.74,307.65
2021 ,海南省,55,660,73.89,84.66
2021 ,重庆市,252,4249,1138.27,2364.95
2021 ,四川省,200,3993,396.69,459.33
2021 ,贵州省,108,933,41.52,41.52
2021 ,云南省,174,1389,84.6,82.42
2021 ,西藏自治区,19,131,19.91,13.36
2021 ,陕西省,249,2228,230.55,234.05
2021 ,甘肃省,257,2381,139.54,123.88
2021 ,青海省,57,478,32.86,35.43
2021 ,宁夏回族自治区,67,1001,29.02,26.04
2021 ,新疆维吾尔自治区,249,1522,153.83,158.23
2021 ,全国,6453,63779,7773.14,9414.7
2021 ,北京市,113,941,150.2,138.57
2021 ,天津市,82,1345,104.06,114.36
2021 ,河北省,387,3633,229.52,226
2021 ,山西省,216,1850,144.87,126.74
2021 ,内蒙古自治区,180,1458,151.46,148.85
2021 ,辽宁省,377,2828,277.22,253.06
2021 ,吉林省,173,1369,80.77,61.34
2021 ,黑龙江省,206,1330,178.24,164
2021 ,上海市,117,1132,201.2,224.44
2021 ,江苏省,581,4699,677.4,774.33
2021 ,浙江省,285,2655,480.14,535.75
2021 ,安徽省,326,3215,325.29,392.51
2021 ,福建省,118,1121,262.06,283.69
2021 ,江西省,147,1504,178.89,191.16
2021 ,山东省,266,2600,378.14,417.31
2021 ,河南省,216,2287,196.23,216.86
2021 ,湖北省,246,2159,278.35,269.13
2021 ,湖南省,73,643,54.36,59.7
2021 ,广东省,420,6394,822.21,895.46
2021 ,广西壮族自治区,287,2805,244.84,268.74
2021 ,海南省,55,625,73.89,94.39
2021 ,重庆市,249,4040,1175.62,2407.23
2021 ,四川省,204,3772,406.19,475.7
2021 ,贵州省,95,765,36.98,38.64
2021 ,云南省,168,1326,83.65,81.2
2021 ,西藏自治区,19,121,19.91,12.53
2021 ,陕西省,249,2172,230.55,234.29
2021 ,甘肃省,255,2360,138.86,122.49
2021 ,青海省,57,459,32.86,34.8
2021 ,宁夏回族自治区,67,1001,29.53,26.3
2021 ,新疆维吾尔自治区,219,1170,129.65,125.11
2022 ,全国,6232,61039,7711.38,9330.49
2022 ,北京市,113,890,149.27,135.07
2022 ,天津市,75,1276,94.31,105.27
2022 ,河北省,395,3647,236.89,232.95
2022 ,山西省,209,1778,141.99,123.08
2022 ,内蒙古自治区,169,1376,142.46,140.78
2022 ,辽宁省,372,2738,274.22,257.23
2022 ,吉林省,171,1327,80.47,57.07
2022 ,黑龙江省,202,1283,175.54,160.89
2022 ,上海市,116,1105,200.2,206.63
2022 ,江苏省,582,4682,675.35,768.74
2022 ,浙江省,284,2614,480.02,534.28
2022 ,安徽省,288,2787,305.22,366.85
2022 ,福建省,117,1088,258.9,271.28
2022 ,江西省,132,1315,162.16,179.25
2022 ,山东省,261,2549,373.64,413.89
2022 ,河南省,213,2205,194.63,213.46
2022 ,湖北省,242,2130,274.52,263.05
2022 ,湖南省,73,640,54.19,58.66
2022 ,广东省,418,6249,915.24,881.13
2022 ,广西壮族自治区,287,2672,249.13,185.96
2022 ,海南省,55,520,73.89,94
2022 ,重庆市,246,3936,1152.62,2597.15
2022 ,四川省,201,3770,404.74,472.22
2022 ,贵州省,90,711,31.86,32.31
2022 ,云南省,147,1156,75.38,73.08
2022 ,西藏自治区,19,121,19.91,12.54
2022 ,陕西省,249,2100,228.95,232.19
2022 ,甘肃省,255,2088,138.74,122.33
2022 ,青海省,56,448,32.73,34.3
2022 ,宁夏回族自治区,65,967,28.38,24.97
2022 ,新疆维吾尔自治区,130,871,85.84,79.88
2022 ,全国,6150,59733,7692.63,9258.45
2022 ,北京市,112,872,139.27,129.51
2022 ,天津市,75,1276,94.3,106.33
2022 ,河北省,393,3554,235.15,230.81
2022 ,山西省,207,1746,139.97,121.36
2022 ,内蒙古自治区,160,1304,136.26,133.09
2022 ,辽宁省,366,2688,270.42,250.84
2022 ,吉林省,167,1302,79.42,61.26
2022 ,黑龙江省,193,1239,171.74,158.06
2022 ,上海市,116,1090,200.2,199.63
2022 ,江苏省,584,4690,700.39,771.38
2022 ,浙江省,281,2604,476.71,520.52
2022 ,安徽省,280,2720,298.31,361.93
2022 ,福建省,115,1081,255.57,268.56
2022 ,江西省,128,1281,158.56,179.28
2022 ,山东省,259,2509,376.04,425.18
2022 ,河南省,211,2163,193.63,208.19
2022 ,湖北省,241,2106,272.5,265.8
2022 ,湖南省,73,628,54.19,58.59
2022 ,广东省,416,6047,913.22,885.82
2022 ,广西壮族自治区,288,2621,248.93,183.26
2022 ,海南省,55,472,73.59,87.64
2022 ,重庆市,245,3879,1166.62,2581.45
2022 ,四川省,199,3693,403.24,465.15
2022 ,贵州省,90,709,31.86,32.49
2022 ,云南省,146,1158,74.98,72.5
2022 ,西藏自治区,19,112,19.91,12.92
2022 ,陕西省,249,2101,228.15,230.05
2022 ,甘肃省,246,1965,135.42,118.75
2022 ,青海省,55,445,32.33,33.96
2022 ,宁夏回族自治区,60,856,27.18,23.99
2022 ,新疆维吾尔自治区,121,822,84.58,80.16
2022 ,全国,6054,58467,7709.31,9076.09
2022 ,北京市,113,813,138.97,131.62
2022 ,天津市,72,1250,94.3,105.33
2022 ,河北省,388,3437,231.1,225.06
2022 ,山西省,195,1665,128.69,110.83
2022 ,内蒙古自治区,158,1278,135.7,124.8
2022 ,辽宁省,332,2522,252.37,237.5
2022 ,吉林省,163,1268,78.72,60.7
2022 ,黑龙江省,190,1235,170.44,157.55
2022 ,上海市,115,1068,189.69,183.58
2022 ,江苏省,586,4690,697.68,757.78
2022 ,浙江省,278,2544,467.54,504.55
2022 ,安徽省,279,2676,297.31,355.11
2022 ,福建省,116,1161,305.98,317.2
2022 ,江西省,123,1240,153.56,176.64
2022 ,山东省,252,2454,368.14,422.06
2022 ,河南省,207,2084,190.23,206.42
2022 ,湖北省,241,2020,272.49,262.71
2022 ,湖南省,72,606,53.19,56.34
2022 ,广东省,409,5926,924.06,985
2022 ,广西壮族自治区,286,2603,248.08,179.4
2022 ,海南省,55,456,73.59,85.07
2022 ,重庆市,243,3712,1197.33,2375.86
2022 ,四川省,197,3640,405.74,452.87
2022 ,贵州省,90,704,32.86,32.42
2022 ,云南省,145,1139,73.88,71.52
2022 ,西藏自治区,19,112,19.91,12.93
2022 ,陕西省,249,2100,228.15,229.7
2022 ,甘肃省,245,1948,135.42,119.56
2022 ,青海省,55,438,32.43,33.82
2022 ,宁夏回族自治区,60,856,27.18,23.62
2022 ,新疆维吾尔自治区,121,822,84.58,78.56
